P,E,Pr,RUNOFF
0,1.3,0.103602902264864,0.680067071551328
0,0.6,0.101973969992463,0.644030119981314
1.59,0.6,0.594487659159351,0.624289708932161
1.44,0.5,0.571785485584325,0.646417191180869
0,0.9,0.101944166208111,0.640174923078416
0,0.8,0.0999133588506986,0.581892766326889
0,1.6,0.0962526766308789,0.539064440283875
0,1.1,0.0937326893729281,0.511988189753512
0,0.9,0.091675841079439,0.487915021079301
0,1.5,0.088508347030774,0.46593541447733
0.05,1.2,0.0861021574125924,0.445686119713696
0.59,0.4,0.177160601503483,0.429392419155812
1.15,0.9,0.206042850470481,0.422195203964782
2.1,0.2,1.00241261451168,0.435520720841913
0.03,0.2,0.0880271375263832,0.482756887562647
0,2.7,0.0827973422571529,0.438091526403378
0,1.6,0.0797624323980667,0.396149978035961
0,2,0.0761689890597771,0.379861109021844
0,1.3,0.0738595796859751,0.365806583561053
0,1,0.0720935806206831,0.352726334575321
1.02,0.3,0.406122624625881,0.3483921577527
2.1,0.6,0.771446255699213,0.376828292046904
0.01,0.6,0.0733246590638435,0.405885737440126
0,1.2,0.0712580594716464,0.365746002382821
0,1.7,0.0684922554816008,0.334052224048643
0,1,0.0668567704634321,0.322072924901769
0.34,1.4,0.0651745371115126,0.311718775458414
0,1.5,0.0629197196739384,0.301970679086056
0,0.8,0.0616918337653666,0.292732482909954
0.05,0.9,0.060421528359741,0.284042212665812
0,1.2,0.0587197205130381,0.275834173889138
0,1.2,0.0570658308448474,0.268016677753849
0,0.8,0.0559549658525724,0.260583144835784
1.62,0.6,0.506213965832168,0.263156652610127
4.95,1.4,1.63943808453079,0.319779973925628
0.86,0.6,0.176783721244253,0.40885705701561
7.28,0.8,3.00700912010496,0.419823450485915
13.04,0.9,5.77977712114987,0.718331855229232
14.25,0.9,6.61686520892407,1.30288960152043
29.72,0.4,15.447132816043,2.35239923795331
24.55,0.6,13.4650690040184,5.22637162738085
23.25,0,13.7738217591741,8.01360887078487
0.21,0.6,0.24256548778998,8.80239625813001
8.53,0.5,5.03729948873754,5.82433195478228
1.43,0,1.11854333089579,5.10096677305927
0.02,0.4,0.259079698919508,3.88576257413411
0,0.6,0.254410070384784,2.92536460070604
0,0.5,0.250343541698967,2.36869668668516
6.17,0.6,3.58620942728616,2.17636871380487
1.71,1.5,0.387141427097487,2.38219437148395
1.14,0.8,0.464024697810572,2.00344060337156
0.05,1,0.254197745388978,1.69014236344351
8.53,0.5,5.09286770391959,1.70372442997945
9.57,1.1,5.44956580208378,2.44732693077761
0.6,0.5,0.352270752775566,2.8275990779192
0.64,1,0.287094372850111,2.1954245791438
6.68,0.3,4.21599437297764,1.96410573132943
6.25,0.8,3.68784526710953,2.46624192287613
0.85,0.7,0.405806844039946,2.57288771882263
0,1.5,0.301474099578078,2.05656710137002
0,1.5,0.290635606431421,1.70305351889946
0.14,0.4,0.287190231697374,1.50132863852397
0.03,2.7,0.270533183296799,1.34668886419928
14.07,1.8,7.79221939140662,1.53510792743107
16.79,1.7,9.76985714722065,2.92626513616889
35.25,1.1,22.6978053190208,5.71424881251073
22.4,2.1,14.1879254027078,11.7229350017128
1.05,0.7,0.733270461898981,11.2560146760199
0.85,0.7,0.592428793462682,6.49738060480727
6.68,0.7,4.57756144310517,4.67884041938293
4.34,1.9,2.17471747395723,4.56103558760947
24.55,0.1,17.5931136813588,5.14854925584147
5.71,1,3.91312980224344,8.53026031889482
17.93,0.6,13.0044146611416,7.66039341841653
0,1.7,0.621817592537763,8.40653521296617
0.05,1.1,0.602418058320945,5.45567737890878
0.04,0.7,0.587975230762934,3.82239007150002
0.03,2.7,0.553028800709347,3.03578715651349
0.11,2,0.527907855739938,2.52218960418413
0.07,1.2,0.51126979288402,2.1575187182236
4.51,0.5,3.26795592907182,2.02856123017146
0.02,2.1,0.494087437793239,2.20063490442784
7.85,2.9,3.87815930060015,2.05187042822769
7.65,1.4,4.80285570918053,2.48107253375195
11.14,2,6.85949164299676,3.1549226559005
0.92,0,1.18077884505206,3.68733596478953
2.04,0.1,1.8876673361474,3.0263472806271
0.9,0.4,0.885626828153651,2.6356858251961
0.06,1.1,0.52340389538511,2.2650405477599
23.62,3.8,14.3999287079287,2.69843089982535
2.95,1.5,1.60256549122839,5.03221929455974
6.09,2,3.46880623329151,4.14224007405708
7.46,0.8,5.31371007496731,3.9082991457009
22.72,1.6,15.8292094973388,5.20046291041365
0.72,0.9,0.664563028759448,7.66255896288831
0.2,0.7,0.649970917063097,5.11446854614931
0.01,2.1,0.617607053825683,3.59354678058587
0.02,2,0.588215881200566,2.89355591391198
0,2.5,0.555001224662525,2.43067561952315
0,2.9,0.519891831496896,2.09491136437311
0,2.3,0.492622170835982,1.8399415605518
0.75,1.6,0.479825604550703,1.64106585071848
7.32,1.8,4.23441066481058,1.65304305227567
0.28,3,0.463621322734986,2.00682098583252
0,3.6,0.428745965213277,1.71383160760716
0,2.6,0.404196450828709,1.45029810100721
1.84,1.1,0.885747048947471,1.33577087031184
0.53,2.1,0.387501559319671,1.28422037579177
0,1.7,0.371810698190075,1.17378522859256
0.5,1.1,0.364498230404724,1.07671432257442
7.03,0.8,4.38367098155698,1.15399873973182
7.62,0.6,4.94918000958967,1.73314831964046
5.09,2.7,1.95830656630818,2.16430449235494
22.66,2.7,13.6969200139076,2.63429453675772
18.24,1.4,11.9377438652164,5.4201839441681
0,2.5,0.481870774826049,6.62488164486973
0,3.4,0.4473016724123,4.40345610083222
0.03,1.7,0.429191447256694,3.16999666711793
8.82,0.7,5.84766558063027,2.91293264807521
8.21,1.2,5.16838366789408,3.72039429056469
12.75,1.6,8.05924045177959,4.3848378525007
0.1,1.8,0.47994715268437,4.87384633602813
0,3.7,0.442987778624334,3.54684785133882
0,1.9,0.423208934268758,2.69875618852856
16.15,2.5,9.55422392366622,2.79112300941577
22.55,1.3,15.0139188604806,5.14107982945641
16.18,0.2,11.6984826952377,8.5081854499035
1.36,1.8,0.56504361136666,8.60301667489313
17.23,6.8,7.9204308981549,6.05900553623197
78.65,3.8,56.2976670824571,12.3123101682885
22.59,0.1,18.1590989794017,35.1377707639936
4.24,2,2.64833132544452,20.4965619115076
4.28,2.5,2.28290868791926,10.0042263546001
5.47,1.2,4.19708950290936,6.73478017013227
1.4,0.2,1.82566977861624,5.65522657617036
0.01,1.4,0.868041710008051,4.38940802794197
0.82,1.4,0.845404730952295,3.40661285872855
9.9,2.5,6.47080356734714,3.17848320362036
0.11,3.4,0.798840473044876,3.74982551711732
0,4.1,0.731208896132011,3.00632257662723
0,4.5,0.664623027274051,2.4261748980441
0,4.4,0.605284943051656,2.10230570684281
0,4.7,0.54822934545884,1.85620687473755
0,3.5,0.507834534420735,1.65899511643236
0.38,3.9,0.470298651195445,1.49858684329607
0.17,2.6,0.444696604066801,1.36565337801899
9.78,1.4,6.07674461171899,1.49036592692573
17.4,0.5,12.0206899890895,2.7105109922639
5.95,2.2,3.10173240385219,4.46663121905239
2.82,3,0.5177061053327,3.77869297559204
0,3.5,0.479607618540962,2.77657220318407
10.74,4.1,5.00071548683761,2.52743896682388
10.85,1.9,6.64493345291069,3.29968051275259
0.05,4,0.478771526376617,3.80147350735593
0,4.2,0.437723480977106,2.88737167545324
0,2,0.417400583722369,2.27544377292837
8.07,1.5,4.77111602216367,2.18223655604174
10.5,0.6,7.06602085421565,2.96391715190232
5.21,1,3.29898645867951,3.78686626258469
0.97,3.1,0.447408155984793,3.40410163100884
1.91,2.7,0.436546394098883,2.60105816727565
5.49,1.7,2.9622322997583,2.27488230397528
3.49,1.8,1.57021683320448,2.41838853738426
43.23,4.7,27.0304444657424,3.84165183435644
44.79,0.9,32.3108001302864,13.7262090402615
58.75,2.9,43.1041549231729,27.5567575024859
66.56,0.8,53.2188085849535,41.8132715608366
44.2,0,37.402949277036,47.9905800234297
73.05,2.1,61.2859784403055,44.4226750970969
7.01,1.1,6.55025454373072,46.4647327109811
0.47,2.1,1.44159846439504,16.4037645600438
0,0,1.40708217666399,8.14659830392612
60.13,2.1,50.9379476322205,10.9648585271889
4.14,1.1,4.16197391834388,28.4039475061866
0,2.3,1.46283800007195,12.9849877443234
0,4.3,1.32980170274863,7.08493251236304
0,5,1.19565454525703,4.99966319844121
0,4.8,1.07932345858833,3.90480637197526
0,4.4,0.981543735562977,3.20630056565438
0,3.7,0.904017400579748,2.72116491648969
5.55,2.8,3.0071869798675,2.48928651414472
6.97,2.6,4.25024659415984,2.74158145874494
0.95,1.2,0.882874129699833,2.93256340184112
4.65,1.2,3.51440470042454,2.59300203674311
12.19,4.9,6.46787922914912,2.97380614951529
6,1.9,4.0351116583243,3.7398751560437
5.92,1.9,3.97524613723747,3.78648986178217
2.46,2.3,1.00552284222417,3.57214326288312
2.83,3.4,0.860181974004962,2.88939700660185
0,4.7,0.778794070247717,2.41510358462672
0,4.4,0.709070833297514,2.11424937665144
0,3.8,0.652801522530916,1.88131627306458
0,4.9,0.589083630751506,1.69284826870097
0,5.4,0.526639030114304,1.53479843086181
0,5,0.474281550480014,1.39960870002143
0,4.9,0.427873902645114,1.28332149128056
0.3,4.5,0.391169581843131,1.18252624212706
2.25,4.7,0.369916325942596,1.09524343354333
2.6,4.9,0.350880774443654,1.02015750065226
0.44,4.6,0.320963771657416,0.954225305445063
0,4.6,0.29101489109683,0.894207086245323
0,6.1,0.256004468478798,0.839019525782656
0,5.6,0.227334777293201,0.787835560960022
0,4.4,0.206757660715684,0.741006199762014
0.21,4,0.190356608752962,0.698758107117618
5.46,5,0.448691866997435,0.668743540125468
0.41,3.3,0.178559581573527,0.6578132415297
0.9,4.7,0.16430675227343,0.618678859872776
0,6.3,0.143459063308921,0.580904181296152
3.66,4.8,0.139529116365894,0.551799959406012
14.86,1,7.64282075062474,0.740029595461568
13.89,1.6,7.01489519926818,1.69203959148327
3.65,3.3,0.384821689162371,2.23633585074173
2.83,2.5,0.373364913816911,1.68511930591592
4.98,2.6,1.52988529361435,1.39932007319417
0.13,4.4,0.175523310083299,1.40238247161635
0,4.4,0.159504757997004,1.227816846103
5.54,5,0.452610524375337,1.0900632151588
2.58,2.7,0.158805553965499,1.02672655782862
0.02,5.6,0.140737241892741,0.937481405224074
0.08,4.7,0.12720081828712,0.85770186323385
0.08,5,0.114187589493963,0.794466092094178
0.36,4.2,0.104855559550349,0.739188688319898
0.02,4.3,0.09535241297515,0.690380053283582
7.85,4.9,1.54967238472527,0.690987206059965
8.14,4.3,2.01117492999752,0.840834805399088
0,5.3,0.0931464453429151,0.933494579269127
0.09,4.2,0.0849800652510601,0.787136524828172
1.57,3.6,0.081102411828251,0.682822120352263
4.84,2.3,1.29271659143961,0.673727359855783
10.51,4.3,3.09199339305226,0.834679016512601
4,3.4,0.384727978624413,1.04986028590516
0.01,4.2,0.0846699121788752,0.902142289377586
0,4.5,0.0765647696726726,0.75125669352701
6.45,3.5,1.46906844622803,0.731741538197857
0.55,4.5,0.0732890882609994,0.812122916369947
6.57,2.2,2.12489576925128,0.789155715030367
0.11,4.1,0.0717672834705715,0.89293625527171
0,3.3,0.0665930345144844,0.781275881575463
1.42,4.2,0.0624951485604602,0.674805243348046
2.58,3.6,0.060977733972932,0.628863132882281
2.55,3.4,0.0597224583081783,0.590704755746777
7.98,6.4,0.767342035149137,0.576758984553932
3.64,3.8,0.0609613421705452,0.60445527727673
1.23,5.6,0.0552099340259366,0.554558340574134
0,4.8,0.0495015200864482,0.506061308658733
0.02,5,0.0441813650825529,0.47876612189145
0.71,4.5,0.0404902313757653,0.454640323733577
5.06,4.6,0.23052277559098,0.437525340919246
0,4.6,0.0367104398683003,0.431776991578897
4.01,3.8,0.121692355361965,0.409711524054393
0,4.2,0.0334131338656533,0.393007614278649
0,3.2,0.0310108632754722,0.373862188048869
0.98,2.1,0.0301880707202162,0.356014615716927
0.72,1.5,0.0296179094264028,0.341669309336107
10.74,0.2,4.2543748634697,0.428409297654166
19.48,0,8.39383524868417,0.970607008144265
3.72,1.9,0.854123394902233,1.66063284769453
4.68,1,1.69129086253679,1.3685868711948
0.06,1.5,0.0576351497503765,1.18623464574729
0.53,3.1,0.0543268661504002,1.01028155374013
1.67,3.1,0.0525257409617985,0.879857981536565
0,4.4,0.0475095239174442,0.80649275397294
3.45,1.6,0.83977254519023,0.770435674877964
1.95,1.5,0.242373897218803,0.795492603498561
0,4.2,0.0449521000566322,0.738836452963806
0,3.7,0.0412830306579003,0.663103775109555
0,3.3,0.0382494226775027,0.613738519880171
0,3.6,0.0351893662253493,0.575364064115504
0,3.8,0.0322175753200675,0.541246190341465
0,3,0.0300363245726368,0.510541994201219
0,3.1,0.0279333645805764,0.482828178140962
1.55,2.1,0.0275518764235658,0.457728174735281
0.07,3.7,0.0253041657276474,0.434963303707715
0.73,2.8,0.0240928348264207,0.414081530725064
0.02,3.2,0.0223516244249844,0.394913490280215
0.37,3.4,0.0208051075160836,0.377245361797933
0,4,0.0189258412441594,0.360900493725974
0,2.6,0.0177885822566029,0.34573492749311
0,3.5,0.0163655777750863,0.331672707972726
0,4.3,0.0147695131933076,0.318568417370811
0,4,0.0134198049994085,0.306307669031371
0,3.8,0.0122480578535143,0.294839854970506
0,3.5,0.0112562639452057,0.284105921254698
0,3.3,0.0103922856978598,0.274043644220608
0,3.8,0.00947745947431709,0.264591695952847
0,3.8,0.00864077763961953,0.255687591445207
0,3.7,0.00789498453371234,0.24728951802714
0,3,0.00733591243003367,0.239364846237594
0,3,0.00681531646777935,0.231884183551052
0,3.4,0.00626886990015011,0.224807734210768
0,3.9,0.00569458662099126,0.218096232766404
0,3.2,0.00526154144928683,0.21172258252739
2.92,0.9,0.565535509374452,0.216989595578422
0.35,1.9,0.00545913009748905,0.245787878137416
2.49,0.3,0.617905691421556,0.23720586672479
7.55,1.3,1.82217544365138,0.29101751148201
23.86,0.9,7.54796964802874,0.553412496381336
30.59,0,11.6321777215573,1.4128294087535
37.29,0,16.3419345489821,3.20807000800027
8.59,0,4.02787693926175,5.60881973772937
6.86,1.3,2.69314967515436,4.7749168260231
11.67,4.7,3.43098447709353,3.98352669933996
37.03,1.8,18.3532423474257,4.98196359531188
1.94,1.4,0.431168691342645,8.24385633281832
0.02,1.6,0.139113360614994,5.324848468476
0,1.6,0.134003734026397,3.53497269783548
5.15,3.6,0.949217916952479,2.7938978028412
34.25,1.5,18.3274893103855,3.56408007103673
2.24,0.8,1.0177978001333,6.96913016263997
0.05,0.7,0.19738837059651,4.87204588351885
0.16,1.1,0.192664872331669,3.28976297195969
0.86,2.7,0.184620211816231,2.58762332300493
0,3.8,0.169897106267409,2.14145293565606
0.01,2.1,0.161975488810567,1.81992782591381
0,1.4,0.156660117817843,1.57837772952997
0,1.4,0.151525020292571,1.39112106414202
3.89,0,2.25680764512456,1.32881499809445
12.64,0.9,6.6464464871012,1.73163218358654
6.33,1,3.17417205269372,2.54318650501823
0.11,0.7,0.187815880793244,2.45496073041623
3.57,0.4,1.97567486763351,1.97525090808608
0.17,1.2,0.188650477978173,1.88502230290435
0,1.4,0.182421553919651,1.60572047274072
0,0.8,0.178603534149082,1.37731722275832
4.44,0.9,2.15655859874114,1.31341264262421
0.42,1.2,0.181273278682849,1.42147254250609
0.05,0.6,0.178399196141624,1.23932471360671
0.25,0.7,0.175941276926829,1.07693841994459
6.54,0.7,3.4409611112269,1.10532016053069
0.04,1,0.182622917197663,1.38045679562094
26.66,1.2,14.9281378767745,1.79511812800743
7.38,0.9,4.08420224413577,4.05371582657273
0.01,1.4,0.243590432854549,3.73600664872169
0,1,0.23733684106017,2.62963716823982
0,1.1,0.230795173904694,2.09371891430939
0,0.6,0.226731937729803,1.79130332853483
0,0.8,0.221853577748772,1.56631746881428
17.15,1.3,9.61844561575116,1.81699604955474
3.05,1.6,1.12645521536551,3.06645313188777
0.7,0.3,0.498663733739616,2.55481119307716
3.42,0.3,2.13539615010113,2.07258628353292
0.9,0.4,0.565493837353214,2.04526792273059
0.39,0.4,0.263703458277344,1.77804997682561
0.35,1.2,0.257641574033651,1.51712682249915
0.34,1.4,0.250682203043678,1.34746373800022
0.01,1.7,0.240861274452304,1.2180675112734
0,1.1,0.234212956210237,1.11107801564391
0.01,1.2,0.227351650481596,1.02127408564656
0,1.5,0.219325326720198,0.944796937045182
0,1.8,0.210309427063571,0.878661810832046
0,1.8,0.201674745030171,0.820785850604123
0,1.3,0.1953938102531,0.769806535691042
0,1.1,0.190097950190866,0.724792351506652
0.01,1.5,0.183479093231405,0.684752536149146
0,1.3,0.177794690101339,0.648732908831383
0,1.2,0.172651600127501,0.616222705007666
6.96,0.1,3.99970933647775,0.698440800506311
4.32,0.6,2.28147009479362,1.08645419561874
0.06,1.6,0.185929860166885,1.13868009296785
0,1,0.181282007723508,0.912487976321311
0,0.9,0.17712487568908,0.793052367495975
0,1.2,0.172002283003397,0.741446326023962
0,0.9,0.168077336225227,0.698207954072821
0,0.9,0.164249907575243,0.659732425850522
0,0.4,0.162193155840119,0.625333018821996
0.01,0.8,0.158874250835013,0.594487072350014
0,1,0.154950687189874,0.566520847042265
33.53,0,19.2290186457194,1.12785236277672
9.36,0.6,5.376463448184,3.88008316471856
0.98,0.1,0.762470769574556,3.81884216647646
24.86,0,15.4093629089805,3.65223925605739
12.6,0.1,8.14742911566588,6.77521030698188
3.96,0.1,2.78227727127144,6.81781347686304
2.73,0.8,1.57012350038806,5.12587251752119
8.83,0.1,5.94501687377891,4.31138588608739
2.58,0.2,1.90348923230025,4.55093814079816
0.47,0.4,0.416704355869888,3.7116607219978
0.03,0.8,0.363234812297986,2.82875178623535
0.12,0.7,0.356274152918286,2.30953693207687
0,0.4,0.350708215519638,1.97227246381213
1.41,0.4,0.991701090668815,1.75413683878459
0.79,1,0.346681443146886,1.64270354831656
0.22,0.8,0.340121500547271,1.45818033119676
0.09,1.2,0.330279658200557,1.30481831922966
0,1.3,0.31956771089416,1.19202734082752
0,0.9,0.311681383954534,1.09796863335857
0.01,1.1,0.302885014423789,1.01811943055021
0,0,0.30077093431259,0.949597740892574
0,3.1,0.280910494026285,0.890186393693843
0,1.4,0.271403688417729,0.836647577067591
0,1.2,0.263292377482177,0.789166415424136
0.48,0.9,0.25946225645342,0.747216210883082
0,0.9,0.253258525656192,0.709985115334457
3.38,0,2.27612648287199,0.738352111095386
26.73,0.6,16.4183097523443,1.46308274959106
18.89,1,11.7648875761221,4.30693174108787
8.45,1.4,4.95286070440704,5.90498743049438
0.88,1.2,0.387222380000932,4.95828822933251
0,1,0.37660257278699,3.47068356687482
5.8,0.4,3.87941148779737,2.90360533928263
1.46,0.2,1.20653280406288,3.06615811104522
0.17,1.4,0.377616930479428,2.62075851330114
0,1.8,0.361657797799715,2.12442299096622
0.23,1.1,0.352742994323889,1.81816381554018
13.25,0.5,8.5817585274444,2.00258558982578
0.53,0.5,0.403427176572447,3.04263826931724
0,1.8,0.367780869051067,2.42178427183227
0,1.9,0.351583505626265,1.89190907489932
0.92,0.4,0.68025410248352,1.66820845225756
5.67,0,3.9776515045012,1.69768938755329
4.37,0.2,3.04689262772348,2.13999621603911
0.1,2.2,0.355360101516893,2.18789941799377
0,1.8,0.340406749383605,1.77575735343821
5.17,0.5,3.30777562491405,1.64362451454885
10.75,2.1,5.9052427173205,2.13895737274064
4.72,0.1,3.3625860363154,2.82357986880709
2.14,0.5,1.44583512554447,2.77693466116474
39.19,0.7,26.2675697436843,3.96548731921247
22.18,0,15.9402917194372,11.4604762102628
3.65,0.4,2.8528584865276,12.1528591808939
4.21,0,3.53997175490394,7.76165023964776
16.75,0.7,12.0266600368001,6.82057516512626
3.61,0.1,3.14844384146634,8.07302565394648
5.41,0,4.52869712999257,6.3369730965137
0.46,1.3,0.632269919709233,5.26813309840449
20.07,0.5,14.8279409607398,4.98353122249833
2.09,1.1,1.40883700524651,7.3224651972707
0,2.1,0.654620138678486,5.18761605867557
0,2,0.623024105122915,3.65479319213035
0.58,0.4,0.743905813036509,2.93189258485348
1.44,1.1,0.8507715716721,2.50041413823585
10.06,0.2,7.66229557577883,2.59352795126185
2.87,0,2.69248787113537,3.59408081072961
36.52,0.1,27.4124294838345,5.18782327432963
14.73,0.7,11.274522231955,12.7027969865902
0.17,2.5,0.761378160210057,10.7938718234995
1.35,0.5,1.38254631742681,6.33099715513336
28.77,0,22.4427182366328,6.44492547987523
1.74,1,1.40025522294934,11.127808504848
0,2.6,0.789994443650139,6.94113583864144
0.28,1.8,0.757376208935844,4.54256428289321
58.21,0.2,45.2598136272461,7.37615549113137
22.49,0.1,18.5756752061298,24.7279566454205
1.87,0.3,2.25743010470405,18.3360313303218
1.5,2.5,0.986384239813705,9.21897168482964
0.05,3.2,0.917216168966503,5.70662656659703
7.32,2.1,4.93884323821967,4.52945585126476
15.98,0.7,12.7934575517451,5.43444509457826
0.27,0.6,0.943485149653927,7.08313685715804
22.75,0,18.7658090429353,6.50477309057055
8.23,0.5,7.10262848601303,10.3210273459491
0.55,0.5,1.04803147009861,8.30967882199912
1.07,1.1,0.990015884310047,5.36126621677399
0,1.1,0.953999654295278,3.9600912676634
0,1.8,0.908517287280845,3.21354295852009
0.25,1.4,0.875548609231568,2.71655356135048
0,2.6,0.822756506526553,2.35988603627542
0.72,0.7,0.825179594733024,2.09094316977504
1.42,2.1,0.788238498434283,1.88640781794799
8.08,1.6,5.64467271090416,1.95874194294642
12.45,0.6,9.74582400163713,3.02599469234002
19.6,1.2,14.8858857426485,5.25057717366843
8.87,2.7,5.62426248188847,7.79132567056371
21.73,2.6,15.7291419506147,7.89990063749134
31.75,4.2,22.6627920637414,12.2345715489826
0.15,2.4,0.991380465380508,14.9211175670387
6.01,4.8,1.92210707822601,8.15971770904336
11.85,1.9,8.77098490439701,6.16845957675797
8.55,2.6,5.663550516099,6.95957476760178
30.05,2.5,22.8943649764926,8.31980307058833
15.65,1.2,12.6849396169294,14.1351072130927
20.98,0,18.1129322749468,14.2502687513588
3.94,1.1,3.47371328900588,14.183911134393
2.34,0.7,2.48174045348614,8.74556978737474
11.45,1.2,9.44841066731822,6.7614507567164
10.47,1.4,8.52459616400965,7.81328683840384
7.37,1,6.34528192211439,7.95900531392259
1.1,1.1,1.16282926882168,6.76161698741272
0.49,2.1,1.10859347893439,4.75810570455292
0,2.9,1.03436849801215,3.65733183177717
0,5.5,0.923005151646096,3.03173082099987
1.57,5.6,0.845455364871196,2.58844385390717
22.29,3.3,15.3901933474392,3.12717997432383
9.74,0.8,7.79849592990621,6.2964678260867
6.08,1.6,4.37790902235647,6.55066686682141
21.17,0,17.4408535586686,6.83356741743303
1.36,1.1,1.17885061315366,9.48362415365713
0,2.3,0.921292003067363,6.13587780162095
9.09,2.8,5.77705787968298,4.61983480472562
22.24,1.6,17.0391230765773,6.0852875761406
0.03,3.6,0.917957693907285,8.86994621322919
0.07,3,0.857314177585147,5.77066145630923
4.63,2.8,2.23788824838711,4.11915619871354
24.86,0.6,19.5077949215822,5.00823936406343
20.42,2.6,14.8183049466602,10.369112800687
7.93,1.9,5.69597657447508,11.4928635881088
0.06,3.5,0.915815602281681,8.15499578071864
4.79,4.3,1.27842999146466,5.31322368017703
14.19,2.6,9.85031314607918,4.73070248215069
0.81,2,0.897552747288132,5.77802404283513
0,3.8,0.82559371562896,4.24871054012127
0.4,3,0.7761286248319,3.21534125092261
2.97,1.2,2.08689024704944,2.7631761097285
5.41,1.7,3.53113035006374,2.76521428395865
0.55,3.8,0.719521103298319,2.8331616223627
0,2.9,0.673305331744786,2.3590029407443
4.52,3.8,1.18699830808751,2.03253985322583
26.27,1.1,19.1779436204343,2.90736291735218
3.25,5.4,0.711872376069109,6.33371959638959
0,3.7,0.656566606373116,4.48934157283478
0.03,3.2,0.611616027995257,3.16340707434774
0.51,2.7,0.580290135240726,2.60281568744061
6.29,3,2.89588432344796,2.35454533150997
43.4,8.2,26.0262090652497,4.03752108494474
13.33,3.7,7.78248468638772,10.5273753142232
14.26,2.1,9.7471472653263,9.5996221494162
8.69,1.4,6.19994785745784,9.01174828663108
3.25,3,0.95609253736169,7.26351163875529
0.09,3,0.720368642313656,4.91634136151512
0.04,3.1,0.672141249502865,3.64492723747856
0,4.6,0.609882154034027,2.94122310593596
0,3.9,0.560645620217712,2.46562511381544
0,4,0.51448373686049,2.11953893150722
11.86,3.9,6.01558387905832,2.14066221614656
14.06,4.1,7.48545601896511,3.16118920817158
5.14,5.8,0.550742282536804,3.83172578666484
13.84,10.1,3.15829948720322,3.06459246965341
14.43,0.5,10.3825134853394,3.49830957739506
16.1,3.4,9.67404339311421,5.55474410690931
40.91,1.1,29.947730353543,9.16448717519715
22.71,0.4,17.6141433299254,18.4986027759522
7.62,1.4,5.57253746820754,16.2616916423891
23.49,2.5,16.9959755755323,11.8612255189519
25.05,6.3,15.5281177435378,14.3053129488976
13.55,2.8,9.41120299347308,14.2173809647137
21,6.9,12.13669224632,12.0024348755474
0.8,5.8,0.939168819874371,10.5724418379295
0.23,4.2,0.861102064416628,6.43002864601369
0,4.3,0.785198566467616,4.43430647897692
0,5.6,0.699587241083091,3.45746168222117
0,6.3,0.615323863491859,2.83009643423686
0.42,4.4,0.56480268620108,2.38798973638341
0.08,4.8,0.511364861610041,2.06268520449524
0.04,5,0.460855507265508,1.81194664270717
0,5.1,0.414154715827636,1.61174265025708
0,6.2,0.364257437433352,1.44758351765673
17.16,2.1,10.166765963882,1.74102100314843
6.88,2.4,3.35211493805816,3.1907533720779
0.69,5.5,0.376055813859559,3.00736974915387
0,4.6,0.341085398121402,2.25286519651142
0,4.8,0.308088620235047,1.85817266147492
0,2.1,0.293493886076069,1.62445406900489
0.28,0.7,0.289083709759095,1.44493223789942
1.15,3.8,0.272424077600283,1.30161257566314
0,3.2,0.253923320615425,1.18280528958134
0,3.1,0.237146919695045,1.08228598754288
4.6,3.8,0.707177296435005,1.01405960072882
1.75,4.8,0.22219799200241,0.98921472885511
0,4.6,0.201248826131949,0.907737097859663
5.88,4.9,0.759158546885317,0.852029443867955
7.06,4.8,1.49402345691441,0.89475211707986
3.99,3.8,0.31403339406776,0.956913986620015
0.43,4.4,0.188653136833362,0.861328118642505
0,5.3,0.168313707164755,0.769401173149634
0,6,0.147905485376037,0.716787958248823
0,6.5,0.128507044113385,0.672882791406119
0,5.5,0.113949371310682,0.632916003557822
0,5.8,0.100326516221362,0.596625589321131
0,6.4,0.0871255588175131,0.563464696140668
0.05,8.8,0.0717951263099833,0.53284535906111
0.03,6.1,0.0626646283626402,0.504389907020095
1.53,5.9,0.0567588333638589,0.478443259029294
0,5.5,0.0501047064937593,0.454856228185432
0,7.1,0.0426316433684109,0.433045730637433
0,6.8,0.0364791235965582,0.412700300616697
0,6.2,0.0316140056777237,0.393816467450156
0,6.4,0.0272477611959218,0.376334381375399
0.1,6.1,0.0236825810711975,0.360099484747586
0,7.5,0.0198569803722431,0.344987973968191
0,5.8,0.0173099898483318,0.330864642862688
0.53,6.4,0.0150538874359486,0.31771260237759
0.45,6,0.0131826844342302,0.305444281364893
12.05,7.3,1.61068141573848,0.329988148079116
5.05,7,0.0143883976507776,0.429371772899098
4.76,5,0.0142977250753354,0.373399137547701
2.16,5.3,0.0132591199865213,0.315856793967497
0.45,4.9,0.0119140155785545,0.301789856881158
0.04,5.9,0.0103440263991603,0.290571809073788
0.69,3.1,0.0097554198644689,0.280030432302007
5.44,3.2,0.712099869085657,0.285539943957709
4.28,4,0.0986506101861163,0.324709491613092
0.2,5.2,0.0093457692885022,0.301960406274056
0.74,4.8,0.00846678124359881,0.270294587723524
3.78,4.9,0.00823636867503053,0.25781179285089
0,4.3,0.0074152263140199,0.249191999408391
2.95,3.6,0.00729598879811661,0.241162965644692
0.95,2.2,0.00707426436562706,0.233607078581373
4.05,3.7,0.109053760586687,0.228592377542572
9.26,3.5,1.73812531624311,0.264125794662693
1.97,1.8,0.06024507108843,0.367218680711578
24.42,1.5,7.74847542457994,0.48574300289166
0,2.9,0.0158984745199251,1.01868259542731
0,3.8,0.0145180262723536,0.7741135069026
0,4.4,0.0130652119640522,0.524680042833875
0,4.7,0.0116689864776396,0.485284051715731
0,4.3,0.0105181833490486,0.459043038327944
2.07,3.7,0.0101083327713172,0.435240374252717
0.03,4.8,0.00900387300578617,0.413593145479564
8.5,5,1.09592933963605,0.420786278746694
21.87,2.8,6.49884020310678,0.65349227578374
2.72,3.4,0.0170737747227024,1.16330728960093
0,4.3,0.0154110397645831,0.902410669979709
1.15,4.5,0.0142230251476099,0.667745687488885
0,4.6,0.0127377416978358,0.614104068491346
0,4.8,0.0113481063345711,0.574343297828096
5.33,4.3,0.342224695005302,0.548206923617007
1.1,4.2,0.0108566302508771,0.543241534495931
18.81,3.9,5.06176001576168,0.644192480069608
6.17,2.5,1.30206982409089,1.09224281687654
1.45,3.2,0.0175644639746544,1.01913251128664
0.2,3.8,0.0161205918480719,0.780682748857682
0,5.3,0.014205733753369,0.683372304129208
0,4.3,0.0128137194905926,0.633923512395902
11.32,3.1,2.80312618289936,0.673972289455365
17.22,1.4,5.79103631891271,1.07136488345583
2.82,2.4,0.180551469740615,1.53958134555305
0,5.3,0.0214981198294629,1.21047482971583
0,2.3,0.0203541132416933,0.943188819515459
0,3.8,0.0186015158095993,0.849104629579084
0,3.5,0.0171157074611179,0.779072339490818
0,3.9,0.0155962261040327,0.718927272259856
0,1.9,0.0148990409961721,0.666646703030424
0,4,0.0135378902159521,0.620865278719586
0,3.3,0.0125048318298998,0.580411524181463
0,3.9,0.0113831272218077,0.544440669653972
0,2.7,0.0106625795935568,0.512273054834636
21.47,1.2,7.01184880395251,0.677533099669263
3.74,1.6,0.782171951317865,1.31716466231033
0,2.7,0.0186218024699985,1.1289574624982
0,2.8,0.0174198575153414,0.837961722971551
0,4.2,0.0157618827927429,0.743334569920618
0,4.1,0.0142905715778193,0.686982535987376
0,2.7,0.0133922974790359,0.638631464753656
0.11,4.3,0.0121092884825957,0.596088996124705
2.22,2.9,0.0119072938713733,0.558377349187632
0,3.3,0.0109949547036404,0.524800501854899
0,4.2,0.00993249543186356,0.494662277162691
0,4.2,0.00896962868881239,0.467447398891798
0.04,2.9,0.00836523485332999,0.442789973498217
0.46,1,0.00825298769873301,0.42039543598348
0.17,1.6,0.00796797891818051,0.400000320940486
0.65,1.7,0.00776405344564939,0.381330041100752
1.64,1.2,0.138434269527168,0.367324285562308
0.7,2.2,0.0075923897287469,0.360792720191988
0.16,2.9,0.00709905456852837,0.342344508508655
0,3.6,0.00649862991460808,0.324766037596669
0,3,0.00603584414038894,0.311650651659773
0,2.3,0.00570246859734966,0.299604706543403
0,2,0.00542697719823687,0.288375771433446
0.17,1.7,0.00522466969228058,0.277885692789547
0.08,2.8,0.00488401506958255,0.268063463162794
0,3.7,0.00445548788485514,0.258834773273839
1.52,0.9,0.169452381769393,0.253666544318953
0.04,1.5,0.00440153054409013,0.256082962417012
0.06,1.2,0.00427779379666371,0.243752886583733
0,2.2,0.00404939012115316,0.231608683890705
0,3.2,0.00373859270055696,0.224278889699669
0,3.1,0.00345967919351725,0.217540498999592
0,3.3,0.00318507476661378,0.211150499496819
0,2.3,0.00300619332178122,0.205086681118786
0,2,0.00285856916020162,0.199331028182473
0,2.1,0.00271119795903633,0.193861158057973
0,2.4,0.00255189455819605,0.188653662780988
0,1.8,0.00243835246365617,0.183689809155413
0,1.4,0.00235338902392877,0.178956817454516
0,2.3,0.00222024663749152,0.174439562068225
0,1.4,0.0021427193857171,0.170120473321656
1.92,1.5,0.0986149270438688,0.167832708964175
1.38,1,0.0897921619916743,0.171179555961016
4.09,2.8,0.302791206290824,0.175563253403882
0.01,1.5,0.00227764413325896,0.184258813450595
0,2.3,0.00214868800703497,0.169811269310783
0,2.1,0.00203716431229216,0.157518665279773
0,2.8,0.00189729929804328,0.153528768256962
0.01,3.1,0.00175384404117008,0.150083125237113
0.02,1.8,0.00167599376110855,0.146771544964116
0,2.5,0.00157239859314891,0.143590615876943
0,1.7,0.00150550676776926,0.140530891241708
0,1.5,0.00144878481447156,0.137586934428
0,1.5,0.00139415554825862,0.134752893948412
0,1.6,0.00133811447683306,0.132021883995566
0,2.1,0.00126793103988813,0.129387854961087
0,2.6,0.00118603688025453,0.126844810488422
0,2.7,0.001106477248051,0.124387933050171
0,2,0.0010509143820748,0.122014175451891
0,2,0.000998086428989499,0.119721146735732
0,1.8,0.000952764110570731,0.117504630674211
0,2.1,0.000902442806181317,0.115360619731685
0,2,0.000856940476834549,0.113285251602744
0,2.2,0.000809488208229662,0.111275511485838
0,1.9,0.000770580239877698,0.109328469068723
0,1.8,0.000735412071591293,0.10744177198945
0,1.8,0.000701819250791565,0.105612823815271
0,1.8,0.000669732792539117,0.103838899927205
0,2.1,0.000634119968754172,0.102117502675823
0,1.8,0.000605074227410832,0.100446238559675
0,1.6,0.000580351529296385,0.0988234755317227
0,1.1,0.000563924475206767,0.0972475118987458
0,2,0.00053523865965271,0.0957163914552633
0,1.1,0.00052006699613445,0.0942275487404426
0,1.2,0.00050399969955702,0.0927800710930225
0,1,0.000490980206795805,0.0913723203675578
0,0.9,0.000479543640543514,0.0900026094054899
0.04,1.5,0.000461556931132387,0.0886693781766325
0.22,0,0.0376019899330108,0.0879936480699378
0.07,0.7,0.000461064657908198,0.0886679198039184
3.9,0.5,0.596222250563,0.0964061989691961
1.06,0.4,0.117846409269774,0.127361342368862
2.93,0.6,0.425923538746455,0.12350547296832
1.76,1,0.141190433092289,0.127164184918697
0.09,1.3,0.000718362642827618,0.117733204114128
0,0.8,0.000703564481719041,0.100381292251087
0,1.8,0.000671399725104096,0.094380910353982
0,2.6,0.000627486047814418,0.0927473238916792
0,0,0.000627454626429643,0.0913407414225852
3.16,1.8,0.247801740127962,0.0941406531968748
16.15,0.5,3.32714516288379,0.162685143870002
0.05,0.5,0.00163853915221318,0.338566824393711
0,0.5,0.00161762529856076,0.240323314893507
0,0.7,0.00158885334078106,0.143592686894182
0,1,0.00154868848623175,0.136242478696909
0,0.9,0.00151337591928246,0.133462508675996
0,0,0.00151322266160192,0.130783347666674
0,2.5,0.0014194783655656,0.128200294390865
0,0.5,0.00140131550932248,0.12570361133116
0,0,0.00140118206963757,0.123294829709744
0,0,0.00140104865282284,0.120971275978658
0,0,0.00140091525887633,0.118726484813247
0,6.2,0.00119508616173632,0.116552476627715
0,1.2,0.001158735875918,0.11443751213082
0,1.5,0.00111484089732495,0.112393009216476
0,1.9,0.00106159468104392,0.110416604789101
0,1.3,0.00102658190292585,0.10850094326418
0.23,0.6,0.00101677150244498,0.10664496594962
2.07,0.7,0.274779011621066,0.109588931413351
0.66,0.5,0.0332026616456954,0.123136017539933
4.65,0.5,0.866629947835371,0.130844000307874
1.48,0.5,0.209076301443172,0.171286544948606
7.92,0,1.79832752522651,0.188393392002395
9.55,0,2.35851865243997,0.301901112961651
0.55,0.7,0.00333846102988589,0.38415145831946
0.16,0.5,0.00330957285933761,0.265544355690121
0.57,0.1,0.121079408982534,0.194128358674353
0.64,0.1,0.139289556781391,0.1957641301048
1.34,0,0.344085215644484,0.202625774737854
3.43,0,0.897424698300676,0.229028459787858
2.32,0,0.621072495680984,0.277893694152495
1.31,0.1,0.32995901923551,0.28343272068895
2.96,0,0.816658340582451,0.272164645366142
4.14,0.4,1.05859851048664,0.311719592455827
4.14,0,1.20605834105592,0.366527266629734
7.02,0.1,2.09998899858429,0.432906039817637
3.34,0.1,1.01464611460179,0.528859599137454
3.13,0.1,0.968624496548327,0.518909657285615
3.43,0,1.11825631608854,0.512814700751576
0.47,0,0.164966893238556,0.52427240033814
0,0,0.0123533645706138,0.457185516384244
0,2.6,0.0116011441239979,0.401099727082863
4.82,0,1.59356460174108,0.416008772357324
14.48,0.3,4.98487682563895,0.646124081814293
3.85,0.2,1.33993065960971,1.03851767366914
1.57,0.2,0.521871471516621,0.949445251778824
1.79,0.1,0.644296992167969,0.785929930712118
0.87,0.5,0.159781946761215,0.739698190737511
0.09,0.6,0.0230368361816179,0.672076600536063
2.4,0,0.915068636905346,0.633934274719311
1.66,0.7,0.383451199457319,0.677674342755669
0.03,1.1,0.0243057413427156,0.644956932299154
1.65,0.3,0.529550635218237,0.587674457414376
1,0.1,0.363487561449477,0.594244105720954
0.15,0.5,0.0253681082519938,0.575476382884088
0,1.6,0.024419187409834,0.521420895060283
0.68,1,0.0242155010292708,0.483361477762666
0.15,1,0.0237192750105686,0.457709314098254
0.09,0.4,0.0235271772065911,0.434832699355757
0.13,0.9,0.0230879484892549,0.413985575842389
5.16,0.2,1.88416359740223,0.441319770091351
8.26,0.9,2.87435195089346,0.639879849325492
0.02,1.7,0.0295118358327288,0.798557202944557
0,2.2,0.0280210460975075,0.635760879477917
0,2.1,0.0266650568372458,0.521715474690487
0,1.3,0.0258479975478151,0.489366491524353
0,0.9,0.0252892043422402,0.463605709968743
1.67,0.4,0.504224035138416,0.452606475278887
17.43,0.2,6.91331011234558,0.651471157460086
18.31,0.1,7.85160071258555,1.49918594263886
1.85,0.1,0.822255312655837,2.15326478581371
3.98,0,1.82358585750685,1.74130924906153
0.82,0.4,0.247004123935706,1.54953305276525
2.85,0,1.34129291677648,1.38157131599042
2.74,1.3,0.714247741050636,1.36123205313322
0.49,1.8,0.062390361379919,1.25832871623129
0,1.6,0.0600975254205244,1.08483069408942
0.03,0.7,0.0590965333080818,0.965367136192154
0.17,0.7,0.0582939752582866,0.881030762058119
0,1.7,0.0560248144525072,0.810073420561971
2.45,1.2,0.608294028590696,0.76670137957163
18.48,1.1,8.07756260622475,1.0298992561363
7.22,0.4,3.32422646926993,1.97590546914647
1.88,0.6,0.700029737482867,2.01748625970572
6.07,0.4,2.8454417206519,1.7088346921283
3.44,0.4,1.58973095784149,1.83062110161594
5.09,0.6,2.33219630185256,1.82739603071948
28.95,0.8,14.9149587236967,2.55192398485086
3.87,1.1,1.64615581564456,4.87522599084562
3.25,1.1,1.32168999159722,3.86002348167824
1.44,0.5,0.669729926741884,2.95212247315116
0.54,0.2,0.344534288235226,2.43405098241256
1.05,2.8,0.153749816739558,2.0292452422686
10.55,1.1,5.32893061022298,1.97819193843534
30.24,1.7,16.5820033531805,3.45689797894032
0.13,0.8,0.227433153906263,6.1679737729165
1.58,0.5,0.857472679012525,4.24803935743518
2.53,2.1,0.478821308842949,3.08519277986106
3.61,1.2,1.63951628970016,2.59920712210286
0.55,0,0.554225729667771,2.39309501437876
4.03,0.5,2.31093511082027,2.15215942108486
2.56,0,1.75356451015906,2.196843159063
3.34,1.1,1.57352192129383,2.13303087079469
0.24,2.2,0.237491509467844,1.95758319051002
0.33,0.9,0.233427992727859,1.64340025841765
0.68,2.4,0.224175485310614,1.42190875811843
0,0.4,0.22114517782017,1.27417240301269
0,1.9,0.211621465097037,1.1551558104919
0.17,2.9,0.199114269610168,1.05554918459327
0,2.3,0.189002617380704,0.97061039805687
0.81,2.9,0.180183887879297,0.897665654521749
0.89,1.4,0.1774764303614,0.834663373734914
1.28,0.6,0.554687525124947,0.792555847957793
1.01,1.4,0.175817871775974,0.779884506931565
0.82,1.6,0.172224432830686,0.725134621386318
0,5.1,0.1542311453821,0.674245741915994
0,1.4,0.149178235638111,0.636348971601813
0,2.4,0.141302294094811,0.60280553098316
0.85,0.7,0.220358132024761,0.57487199551262
0,0.4,0.139322829238727,0.554408463167065
2.08,0.8,0.817360153501017,0.546209317094596
0.65,1,0.139515953194892,0.57603389381728
0,1.7,0.134108599411409,0.534357874983685
0.28,0.7,0.132441928466284,0.493393530812175
12.83,0.9,6.50673344835173,0.645245805367999
19.35,1.5,10.0523712235143,1.5458887710201
20.25,0.8,11.4184826897681,3.08962938809052
31.97,1.8,18.5596394656355,5.63245936045936
3.28,1.2,1.59066026243427,8.66001776934435
0.12,2.8,0.288990195090037,5.72508824409384
0,3.3,0.26883417008235,3.78950371522866
0,3.7,0.24807571290392,2.91469709159577
0,3.3,0.23074955044961,2.37778588002318
0,4.2,0.210728150629748,2.0008994845271
0,4.3,0.192003428640688,1.72135225970328
0,2.2,0.182629554783186,1.50637412153911
13.55,1.6,6.97299501944299,1.63547318100001
13.22,2,6.7328980612415,2.7498114782741
25.79,2.2,14.4685258585337,4.23150857508907
3.77,1.6,1.61818378049159,6.33804481741616
17.86,0.8,10.962546216576,5.46375600549356
18.67,2.1,10.9753475594168,7.32957729417645
0.04,1.9,0.364916967765943,7.76297236364651
12.82,1.8,7.51145531559928,5.60333268395328
4.52,2.4,1.7760104531181,5.69329566447409
0,2.9,0.372699969933123,4.37562388217424
0,3,0.348737477367719,3.21126704373185
0,2.3,0.330833487393626,2.56683137376268
0.07,0.9,0.323064128205939,2.15293881486609
16.25,0.1,10.6089969073513,2.39852408360475
29.23,3.4,17.3735727452808,5.10366125518747
2.56,2,0.810681750717184,8.00322309272145
1.12,3.4,0.416293272456044,5.23390786278676
7.79,6.4,1.32967659444596,3.63628662931694
149.18,1,110.312258374037,14.5722879568747
76.15,1.2,60.5732735876253,81.1223759561935
3.61,2,2.44849658182226,49.9917503280925
0,4,1.05366347939732,14.804061880507
0,4.1,0.963321348483233,7.39629415528023
0.13,4.6,0.875424135911066,5.0463159517519
0.1,3.7,0.808194290671303,3.85011926639253
0,4.3,0.737094832435335,3.11076656837324
0.14,5,0.665600083987954,2.60648638523425
0.73,1.9,0.643076804122527,2.24096632866682
7.51,1.3,5.11712214863205,2.20630832853601
30.01,1.8,21.3881362327134,3.98038558215433
10.84,4.1,5.75907730711349,8.65128080770235
1.33,2.9,0.734375232918546,6.98243409310695
0,2.4,0.693376267424256,4.55960655947204
57.78,2.9,42.0863727349135,6.94011286637799
4.06,0.7,3.45275835711221,20.0595478039758
4.18,2.5,2.15994252274436,10.8719672382488
3.71,2.9,1.4836699317966,6.56504929801769
2.85,3.8,0.838963223466415,4.75842518621777
0.45,4.2,0.772620941200603,3.6521858387371
1.12,3.7,0.726897897326742,2.96581136078812
0.75,3.1,0.686980337782531,2.50648430856652
1.14,6,0.620374871348393,2.17155793085461
2,4.2,0.588447786474697,1.9127198771317
4.34,3.6,1.10434932388992,1.7362719549535
9.62,2.9,5.33850718079878,1.86931454319964
13.15,4.8,6.54925385658555,2.69086638101124
2.51,5,0.587883782208893,3.22830998971907
1.32,4.8,0.544690404213702,2.51593907966022
0.03,3.7,0.502957642244242,2.03033115295059
0.24,3.9,0.464557796557512,1.78118864718492
1.68,3.4,0.445250508472265,1.59024481589238
9.52,2.2,5.36106716539071,1.65757865461636
13.8,3.5,7.4575130150694,2.54258569231815
2.85,4.8,0.470648817524876,3.25922956007053
0,3.9,0.432760987329252,2.50311575243678
3.25,7.6,0.39450172912382,1.98103713572424
8.6,4.9,2.81155781780296,1.84544447731738
1,4.7,0.371350464549734,1.97368922871238
0,5.2,0.332886302878379,1.69285321734007
0,5.8,0.294786166659636,1.44926506218105
0,5.4,0.262991170358126,1.30071033469713
0,4.6,0.238322526023428,1.17928034077938
0,4.4,0.216780488172445,1.07681390549002
0.03,3.9,0.199278001082595,0.989266866509729
2.43,3.1,0.195582636443408,0.914160224448198
2.75,3.5,0.191651631571211,0.850237948556526
8.86,2.6,3.75285097155468,0.913700729519265
10.15,3.6,3.97852567269215,1.36350808827853
12.17,3.5,5.29143086776476,1.82458698337182
6.31,3.9,1.65771783310567,2.20547544774444
4.95,4.5,0.505556537107216,1.94464729986829
5.22,3.3,1.37566846480134,1.64283899869535
0.3,4.5,0.222798328627215,1.56030778760815
0,5.3,0.198929908337708,1.36029832005113
0,6.2,0.174259896445506,1.19519056049283
0,5,0.156387552027535,1.08206903372555
0,5.5,0.138816091871246,0.987648616767807
0,5.6,0.122880725348707,0.906624809190367
1.43,3.7,0.116699949895675,0.836562930571158
2.89,4.2,0.113118920397334,0.776316441366125
4.65,5.5,0.110732389229348,0.724132146213234
1.41,4.7,0.102880467499744,0.678246582220434
0.24,4.6,0.0933882508908751,0.636960504411172
0.21,5.5,0.0830438960398245,0.599441095646491
0.19,5.4,0.0739297568899376,0.565241540602691
0,5.5,0.0653571464732572,0.534066084652051
0.43,2.3,0.0625816036640064,0.505698368798081
8.66,4.9,1.77136737926812,0.52596949175779
0.09,6.2,0.0580893223162609,0.639542030171267
0.6,5.3,0.0522119597423444,0.564768022619772
4.83,5.9,0.0508888917949091,0.489818238590438
0.06,6.3,0.0441529923723807,0.463081725662086
0,5.7,0.0387472507094149,0.440386046847129
0,4.9,0.0346058965967167,0.419356362815806
7.65,3.7,1.63325044733185,0.44005021784013
3.68,3.6,0.0700550740454681,0.543785365694943
0.34,4,0.0345306080776298,0.482191931664873
0.15,4.3,0.0313593842817693,0.416184440019527
0.13,4.5,0.0283249784520238,0.39426954043345
0.62,3.4,0.026533791307346,0.376786402138287
1.95,3.1,0.0258102860934912,0.360730052107629
3.54,4,0.0255114206783161,0.345965071600953
0.05,5.8,0.0222949084909082,0.33226368923128
12.4,3.6,3.34639217241611,0.396882794277266
8.93,2.2,2.65464526213932,0.696962201874418
19.05,4.5,6.01891640419583,0.97094058053095
0.39,4.8,0.0389966357902612,1.3339911643399
0,3.9,0.0356341880491807,1.01926915991564
0,2.2,0.033843970465201,0.780720133086181
2.1,1.4,0.31307544707352,0.723549066170415
9.05,0.5,3.5371429435311,0.807822967350303
8.18,1.6,2.81392566384205,1.18156557211397
36.44,3.6,15.2104771568815,1.90675085846037
1.59,2.3,0.080270812262185,3.86019816113292
0,4.1,0.0732101587282405,2.80529384252477
6.79,0.3,3.13393258159313,2.14185332172478
6.38,4.7,0.880955087184578,2.29832275691165
0,5.1,0.074145907903444,2.00428064820708
0,4.2,0.0674557297911746,1.630922290716
0,3.8,0.0618932304998923,1.39956613493526
0,4.4,0.0560198880850023,1.23667143805491
0,2.5,0.0528843161198972,1.10583349978372
2.86,1.9,0.471843517233239,1.01376594590466
2.52,2.7,0.0534295835801391,0.966387809722289
0.05,2.3,0.0507181780982208,0.874663408589567
0.21,0.7,0.0500801079068715,0.793986996141416
11.2,1.1,4.5159538166838,0.87944935464592
1.88,0,0.90377829952148,1.3019889770428
25.43,1.4,11.4868493903802,1.62516519882636
7.78,1.1,3.37973299813531,3.08605364154707
0.53,2.2,0.0965111675528791,2.87534623109249
0.26,3.5,0.0897360444288519,2.07493091750652
0.34,3.5,0.0835675310573593,1.68002107994104
0.03,4.6,0.0754481505601124,1.45660677466617
0,3.9,0.0690996813016813,1.28442745641101
6.31,3.9,1.1824361373147,1.19004180242871
3.9,3.1,0.442700248173846,1.21158768198691
0.1,3.8,0.0667622007696035,1.11074046464973
0,2.6,0.0629042735260074,0.971841969873193
0.37,2.9,0.0593553002213235,0.87733716606107
0,3.6,0.0546812054508427,0.806313482861864
0,3.6,0.0503624833490274,0.745297764708037
0,5.3,0.0446302568344244,0.691986169272271
0,3.3,0.0413595857674113,0.644961583623671
0.05,1.1,0.0403293577821083,0.603458047374359
2.48,0.3,0.944890279904083,0.59259534912439
4.47,0.5,1.71183798258049,0.68341306616794
6.28,0.4,2.56936699788852,0.844500041962856
2.85,0.8,0.940970531634509,0.990706538424403
1.43,1.2,0.152748860692287,0.905308893385447
0.47,2.8,0.0500640859759617,0.76115378415113
0.52,2.5,0.0478083041363344,0.679606453975168
0,1.6,0.0460442057971449,0.631071115884453
0,1.6,0.0443440560734448,0.591523382411071
0,1.8,0.0425128442317139,0.556398068322673
0,1.2,0.0413134166231801,0.524900648419056
4.48,0.4,1.75160348869303,0.543022495262671
10.8,1.5,4.06121379065576,0.771798561412362
15.64,2.6,5.93088278307111,1.25077014483454
0.43,3.1,0.0630154025502187,1.65630534687381
0,4.2,0.0572941250618259,1.26160453004004
0,2.8,0.053728266287312,0.988156248656458
0,1.7,0.0516339105334002,0.89358508344752
0,3.2,0.047976794725085,0.820014915166179
0,3.3,0.0444697160088649,0.756651484806316
0,1.5,0.0429235659205227,0.701585501644306
0,3.2,0.0398640507870352,0.653466443851997
0.73,3.9,0.0370406673241249,0.610926265481065
0,3.2,0.0343870286534988,0.573054899416146
0,3.1,0.0319905091562625,0.539172873425422
0,2.1,0.0304482818724326,0.508722148259932
0,2.2,0.0289115977506876,0.481272659914327
0,2.5,0.0272605035861884,0.45638706197395
0,2.4,0.0257604895435324,0.433701237800778
0,2.1,0.0245108552578621,0.412955653078413
0,2.2,0.0232658602025052,0.39393249127504
0,1.9,0.0222374706299072,0.376425953532498
0,1.8,0.0213030669491337,0.360275337402574
0,1.9,0.0203591176376792,0.345333238735174
0,2.3,0.0192739255489604,0.331459664050059
0,2.8,0.0180312662129155,0.318528468970541
0,2.4,0.0170263450833516,0.306443122190829
0,2,0.0162286732114797,0.295149808994401
0,1,0.0158382557164756,0.284596223904929
0,1,0.0154570629572112,0.274731927214566
24.45,2.5,8.14937182220772,0.44874288168432
3.05,1.3,0.695325824729112,1.09172945456072
0.01,1.9,0.0266322637732964,0.894210280785005
0.02,1.4,0.0257683509508401,0.609241613413632
0,2.1,0.024518346386892,0.544693188278685
0,1.9,0.023436168305873,0.512515760931145
0,1.6,0.0225578021243622,0.484342127710982
0.01,1.2,0.0219205207674429,0.458871103764093
0,1.2,0.0212959254558565,0.43575280305679
0,1.4,0.0205921037631239,0.414673701344549
0,2.1,0.0195866243961148,0.395361585764164
0,1.6,0.0188491980757391,0.377590924691539
0,1.5,0.0181816042663842,0.361214253895211
0,1,0.0177450689345146,0.346089440030855
0,0.9,0.017359755998408,0.332091947008731
0,1.2,0.0168627646157951,0.31909849875879
0,1.7,0.0161870709630266,0.30698887178593
0,1.3,0.0156857444233781,0.295668935564006
0,1.6,0.0150917640512336,0.285080226054168
0,1.6,0.0145196954683407,0.275150406192852
0,1.6,0.0139687504417881,0.265820099222618
0,1.1,0.0135993118174316,0.257043947177514
0,1.4,0.0131449980963707,0.248784040373254
0,1.4,0.012705490718444,0.240987724280155
0,0.7,0.0124876952525214,0.233620240349926
0,2.2,0.0118405249779696,0.226654683103831
0,1.3,0.0114710892119914,0.22003313735586
0,1,0.0111932723584489,0.213753033667713
0.1,1.3,0.0108696591615852,0.207798645913667
0,1.8,0.0104038076449993,0.202132011648329
0,1.2,0.0101025049704614,0.196725605032781
0,1.7,0.00969203250551764,0.191573766697511
0.29,0.9,0.00954601382630712,0.186657811951635
6.29,0.9,1.71787181033558,0.215521292950175
2.15,0.2,0.639642474001711,0.328597650625032
6.35,0.2,2.05428856944987,0.359343382045398
1.67,0.4,0.441869377568006,0.430709534408693
2.95,0.4,0.883991319195212,0.394690875699126
0.97,0,0.348959002114054,0.381305108387881
0,0,0.0162890722404917,0.354743498385653
0,0,0.0162780389218725,0.309514364476963
0,5,0.0144478281575984,0.288267480938671
0,1.2,0.0140325455772856,0.277646548369683
0,0,0.0140241089641822,0.268129185899715
0,0,0.0140156814767281,0.259253617563451
0,2.8,0.013102841460723,0.25090242505125
0,0.2,0.0130330088030137,0.242978095598155
0.01,0,0.0163130103083755,0.235590060826622
0.22,0,0.0854074902406447,0.230278705840705
2.83,0.3,0.854944191709141,0.245479600719102
0.04,0.4,0.0139597921415882,0.29025896649076
0.76,0.6,0.0673136181531093,0.259761399659388
0.11,0.2,0.0139770223810153,0.232507131122709
3.86,0.1,1.2876270768589,0.249672372638162
8.17,0.4,2.74551634826271,0.381785589351903
1.21,0.9,0.129221435216832,0.527436780074437
3,0.3,0.988726341779356,0.436525162021135
0.41,0.3,0.0602270352481062,0.411581231382138
0.03,0.8,0.0202480668398142,0.367868557415241
0,0.8,0.0198557216875032,0.326276834548404
0,1.1,0.0193342141351553,0.311564349528326
0,1.5,0.01864987195356,0.300022679530229
0.05,0.3,0.0185265007833307,0.289273198070305
0.65,0,0.248380977827145,0.284298003280792
8.22,0,3.01979493775804,0.35684589203674
0.47,0.9,0.0228859121620127,0.551119240895381
0,1,0.022338380906764,0.449237394791983
0,1.3,0.0216514520783255,0.349885078349615
0,0.8,0.0212321496088819,0.332046737692328
0,0.7,0.0208697030435733,0.319219879393869
0,1.5,0.0201323919233751,0.307275277004744
1.32,1.7,0.0199377658641741,0.296105459085389
0.1,0.7,0.0196433846072863,0.285678448130888
0.1,0.7,0.0193533553038195,0.275916970473595
0.03,0.8,0.0189915757496534,0.266748972027721
2.8,1.3,0.55381583468725,0.269627266796158
2.09,0.6,0.554994517371823,0.307924769542098
0,1.7,0.0196618848411528,0.320297514246825
0,0.7,0.0193261373038163,0.282040895952423
0.12,0.6,0.019094571483086,0.257753637438106
0,1.1,0.0185926945310162,0.248984849319239
3.03,0.6,0.884464010313964,0.25965704953781
0.29,0.3,0.0197668307217566,0.308220101770918
3.84,0.1,1.37525103118596,0.30619321713507
3.68,0.1,1.34247446379954,0.392713907357693
7.2,1,2.37171799032508,0.490376058364983
7.9,0.5,2.92107846946364,0.647074981533998
0.55,0.8,0.0321071696810842,0.753199492913211
0,0.1,0.0319962605404928,0.580711994977572
9.4,0.8,3.5090773610184,0.563918457501993
0.16,1.2,0.0374291795315824,0.824242350417901
1.11,0.8,0.163426269564277,0.696212155877131
8.46,1,3.13827889212413,0.663064597868859
27.7,0,12.5378694536847,1.31452641607423
8.65,0.2,4.0565810163112,2.8921277017607
22.15,0.1,11.0557618947343,3.39607182334839
18.61,0.5,9.60231226033607,5.2159638842564
9.09,0.2,4.93776762599029,6.24017294229071
8.55,0.5,4.58453901764089,5.63908361403229
3.64,0.1,2.1410595507869,5.00397103709658
2.09,0,1.34716584236245,4.059352565312
0.28,0.1,0.283482500658629,3.24503057632525
2.08,0.1,1.29212514620003,2.62374770576107
28.75,0.3,16.7936386387801,3.33851899661619
13.75,0.2,8.43819128578994,6.98469016642992
15.1,0.2,9.51358956410838,7.69491141337934
16.75,0.9,10.3880506892157,8.38399302943631
0.51,1.4,0.352428009264518,8.12431044965183
23.57,1.3,14.8604432557751,6.48999703229308
25.07,0,17.299663766904,10.2656172870106
11.37,1.6,7.19333171147801,12.5965865504115
5.06,0.3,3.80263366400889,9.51257086319452
0.11,0.3,0.521359063016454,6.64142988495995
3.45,0.2,2.76170664096959,4.68998067524559
1.65,1.4,0.693718080470432,3.99385067932499
8.35,0.1,6.24056973450587,3.54956234810807
11.45,0.1,8.49638897544638,4.54839245090873
14.83,0.7,10.6113255112849,6.08131753379825
12.11,0.1,9.252733098017,7.63569518664317
14.02,0.1,10.7817654115363,8.43628374050961
0.46,0.6,0.68636901111376,8.28669940399164
0.05,1.3,0.6620150228464,5.35290285066057
0.04,0.4,0.64915559432448,3.81168290411261
0,0.3,0.637362990896156,3.04673856119107
0.35,0,0.880533111549454,2.56358549617325
0.07,0.8,0.614446648478934,2.24763710587555
0.3,1.4,0.594784105535059,1.96887704807589
2.16,0,2.11866109564033,1.82635887093566
8.21,0.5,6.07509591529863,2.13414808014473
0.19,1,0.598874881859786,2.71148120073711
0.55,0.5,0.627131002901216,2.21935801406037
4.55,0,3.81208996312224,1.99909225995472
1.64,0,1.75793406793746,2.31541120758053
2.44,0.5,1.96914179719674,2.22601037691568
12.32,1.3,8.46208711866085,2.49595763547814
1.05,1.1,0.622443901232909,3.45190630360479
3.02,0.6,2.34584694725756,2.82989542573841
0.37,3.2,0.58445730034309,2.52474031817442
4.54,1.1,3.00954775868833,2.27436624687667
0.53,1.1,0.576544213452558,2.32750515098619
0,1.5,0.554228847253015,1.99372663072614
0,3.4,0.514342169671893,1.71705004624794
18.28,1.3,12.336858850162,2.11428022988248
35.31,0.2,25.7933387670616,5.77038008881041
2.73,1.1,1.86194156400064,11.4680703736848
0,1.2,0.6570982046312,7.10607727940189
0.69,1.2,0.64262051865389,4.53266818694949
9.58,1.2,6.69073368368162,3.8977693524712
0.37,1.5,0.642699709847554,4.37092043098767
13.3,1,9.54695277158578,4.0001188243385
4.72,0.4,3.8177739030045,5.23613540447494
2.41,0.4,2.14200093526074,4.69185809514963
13.91,0.5,10.5160590735714,4.48644087145605
1.27,2.4,0.699729907458139,5.6516434844369
0,3.1,0.652493601313917,4.10367545712227
0,2.7,0.613098895165388,3.06784369211582
4.12,1.5,2.4744181459737,2.65971326054527
1.87,1,1.22755923766003,2.62107662547059
0,2.4,0.576967571064409,2.32325623380451
0,3.7,0.532413210613027,1.97433845133982
0.09,4.1,0.488505648632605,1.73388217058173
0,4.4,0.444932092274673,1.55450030089365
0,3.8,0.409902529251057,1.40681410696275
0.87,1.6,0.400616840278802,1.28406054703264
0.22,3.1,0.375698184108862,1.18245193871771
0,3.8,0.346112276263488,1.09461992563161
0,3.2,0.32261297055095,1.01700522296948
2.51,1.4,1.01608963360139,0.97398602116492
3.58,0.2,2.44583502141529,1.06162966919054
5.03,0.6,3.12776995221408,1.31222935346201
3.2,0.6,1.987540949162,1.53893538826068
0.15,3.5,0.320664068452983,1.489916215119
0.02,4.6,0.29085754310687,1.24947024285205
5.44,3.7,1.35807668338484,1.14143806980489
3.17,3.1,0.334484280838669,1.17215770208692
0.41,3.2,0.274085800275768,1.06466075934087
17.26,3.2,8.93271875687485,1.28327622876764
0.92,2.8,0.295748196659329,2.2726738005087
0,5.3,0.264379950865458,1.82857777751846
0,6.2,0.231983755931589,1.41204940934146
2.85,3.1,0.22951258251074,1.25776894335586
2.55,4.9,0.217623637400359,1.14199693024365
16.3,6.3,6.07924519570391,1.27095466119202
1.45,2.3,0.234230400183848,1.87771928366399
0.11,2.6,0.221465745337937,1.55205534921846
0,3.7,0.204301377995783,1.24876554874999
9.87,3,4.16513767845195,1.28203886519916
2.65,3.5,0.213689935268642,1.64237279460226
0.02,2.1,0.203745860754187,1.39045001724318
2.35,1.4,0.745839250730533,1.18002778648881
3.68,1,1.74117993602264,1.1922381452111
0.77,2.7,0.200534003463098,1.25181899740678
0,2.6,0.189182121463795,1.09629125593195
13.24,0,7.77741248133668,1.25159785289585
41.31,1.8,24.2529608697939,3.37699184004437
1.15,2.4,0.303142096514274,7.99327421664076
0.06,1.8,0.290855073436573,5.14498838169847
1.26,2.1,0.284122045921017,3.37829428568644
3.96,1.2,1.97225033198444,2.77946573790789
10.22,0.9,6.05786820299323,2.93255966857224
1.15,2.3,0.3031241570511,3.42235508077649
4.13,2.5,1.31076508743583,2.71555928337337
11.8,3.7,5.36415641951166,2.59419916654486
12.55,0.7,7.84817295273011,3.49280654518781
18.06,2.9,10.183322953208,4.92741899313036
2.2,2.2,0.394643157731101,5.78263925528131
0,3.4,0.366399205060015,4.00246134163158
0,4.6,0.332309592992784,2.93348647317601
0,3.9,0.305512574215838,2.39852022328104
3.23,2.7,0.631808773014927,2.04663129302212
2.33,2.3,0.321224720712566,1.82006746282462
1.08,1.8,0.296379427597255,1.59773127330092
0.05,4.3,0.270549051629942,1.41690780829575
0,5.2,0.242253645446679,1.27483427618589
0,4.1,0.221709913683979,1.15626063811411
0,4.8,0.19998674088535,1.05612083161641
0.18,3.3,0.186662174454266,0.970374995162708
0,4.8,0.168262884014797,0.896531013089556
0,3.4,0.156104790437966,0.831790010449097
0,2.9,0.146327881372819,0.775022823578845
0,7,0.125789826158048,0.724687723987531
8.71,2.9,3.16715987160014,0.773457730469325
1.78,3.5,0.129974355606678,1.01657721425847
19.32,0.3,10.3769534223859,1.23065576769199
32.45,0.9,18.2402569049549,3.26621635052162
7.64,3.5,2.66356388355429,6.35645586955521
4.87,3.1,1.28238154780269,4.85153483895693
0.38,3.9,0.223404854316735,3.4856899582703
0,5.4,0.199066719675797,2.68478422283282
4.38,4.3,0.243541447235868,2.19296737737573
6.28,1.7,2.81465527868781,2.00242183667967
4.69,2.7,1.34943490139832,2.16686800452161
7.53,3.4,2.59667185712633,2.10091062648324
1.94,5.2,0.203669471809794,2.07669772561382
0,5.2,0.1821505828941,1.72145623249084
0,5.5,0.161811747207868,1.45232788176463
0.63,4.7,0.148021469022628,1.28830386710581
10.08,1.8,4.64082914489678,1.33883300748053
0.93,4.7,0.150087381520628,1.7604762322322
0,5.7,0.132634819319886,1.46782247622923
0,6.5,0.115153572880625,1.20015045628508
0,5,0.103148858052845,1.0766036502724
0,5.3,0.0917507515870213,0.978253013323593
0,6.3,0.0798041776794737,0.894696925171664
0,5.6,0.0704251064338785,0.822691208009576
0,6.3,0.0611490069087269,0.760173134049461
0,5.9,0.0535220362270371,0.705383185850373
24.34,6.9,8.005052919732,0.90848067221507
10.82,2.7,3.90617247569239,1.85411588984805
0.07,3.5,0.0760916903433213,1.96878438027189
6.18,3.7,1.24406364221996,1.50931040760498
17.33,4.7,6.20398141138976,1.64300822939196
4.39,3.5,0.532770126054616,2.27213629394202
20.25,5,7.81944608254883,2.25299424386653
23.01,4,10.2036039591149,3.6123225676528
2.25,3.6,0.147247357419791,4.73626031731219
4.13,3.4,0.537612563945098,3.35465784510502
0,4.3,0.134704866808671,2.53097650005109
0.05,5.4,0.119856344949544,2.07994664523871
0,3.4,0.111115902129776,1.75844861928461
7.32,4.7,1.44161838607963,1.5845853649854
13.17,4.7,4.49182740761594,1.76472435604904
8.75,5.7,1.72343731596855,2.20106682997308
1.81,4,0.126651885014922,2.00614067269738
17.01,4.1,6.97736579111309,1.92674705522163
0.14,4.3,0.135867198698472,2.64267189400311
0.96,5.6,0.122729834222684,2.10087806120489
6.15,6.1,0.14809881000046,1.64358529085124
4.42,2.7,1.01118833389643,1.47304652510472
1.11,3.9,0.117249321056824,1.41505489762865
10.48,7.7,1.54456009171469,1.30093690858327
2.62,0.5,1.21592013977217,1.35916583078741
7.55,3.4,2.28594994639481,1.4072538834388
11.37,2.8,4.67477791239868,1.65898553520881
6.72,3.6,1.81894374552506,2.07509411298113
3.98,5.6,0.145236437584938,1.89454272552349
0.03,3.9,0.133375871498028,1.51232640976958
0,5.5,0.118290223875783,1.29398722096582
7.24,3.8,1.88975784121177,1.22769724219569
4.63,2.7,1.1230714596409,1.35321105951074
1.46,3.8,0.119787030829873,1.29733372775835
1.45,3.2,0.115026863888411,1.10629586254691
0.98,3.6,0.108422102658591,0.97989635910874
11.11,1.5,5.0295529068581,1.07302045143749
2.35,2.2,0.200378311574466,1.53876932820117
0.18,4.5,0.111983116241204,1.28972487615252
0.12,4.7,0.101204777675061,1.04206261354473
0.29,4.4,0.0923589782576329,0.942166157071218
4.64,3.8,0.501924763569226,0.878664043474188
5.15,4,0.65555659339618,0.870807727577553
10.09,6.6,1.81455258751941,0.909875934845897
31.84,2.8,15.2631252249448,1.5597104616566
8.13,1.5,3.72436209815238,3.75449090207049
1.35,2.9,0.152138525752235,3.39668278827154
0.05,3.8,0.140084886478117,2.37439401957453
1.77,3.2,0.135422745702244,1.89858858995059
0.62,2.4,0.129955944546225,1.63057029404645
0.06,4.1,0.118875017391847,1.42808190671582
2.7,3.9,0.115495860295434,1.26727815961438
0,4.9,0.103678988616247,1.13718480020699
0.35,5.6,0.0923244416386543,1.02899119711846
15.85,5.6,5.18783846573271,1.12401199272878
2.7,4.4,0.102795810745315,1.60907458362925
0.25,2,0.098710372313202,1.33267433474395
3.55,2.3,0.716948033966638,1.09735622316755
0,3.5,0.0926976520808408,1.05821245586799
0.26,4.3,0.0846978900086816,0.951864063230318
23.77,1.1,11.4509681866251,1.27034734037661
12,2.3,5.1609034939206,2.894999162359
3.1,1.7,0.867982284913114,3.08379225422431
1.43,1.5,0.134254084716635,2.33053755449589
13.86,4.1,5.34370764693439,2.09824612124031
3.1,1.9,0.797273050958314,2.60230029357582
2.61,2.1,0.427377921800643,2.20786896264071
36.55,1.5,20.0975444716618,2.87853955420463
1.73,1.2,0.532432009176314,6.53312344520842
0.18,2.5,0.213279836461642,4.53488417767161
0.23,1.7,0.205900110931837,3.06428917399898
2.77,1.2,1.10509603688935,2.50209193186809
13.91,0.6,7.97910509295333,2.67530656228181
0.82,3.4,0.224311761030227,3.57592724925109
0,4.9,0.201929726064809,2.73935788632181
0,4,0.185101678023992,2.10075368942695
0,3.7,0.170693952427484,1.78404321026327
0,2.3,0.162026969496643,1.55179558793532
0,2.6,0.152839531666363,1.37049438971516
0,2.6,0.144166830587214,1.22510484121402
0,2.3,0.136840370988372,1.10600312207537
0,1.9,0.130984006383794,1.00687891666507
0,1.7,0.125910234920979,0.923282076101566
0,3.3,0.116990148919557,0.851763537529208
0,2.7,0.110086746437315,0.789521301799928
0,4,0.100731803683734,0.734955967285731
0,3.3,0.093548368070103,0.686581912211083
0,2.2,0.0889577286500835,0.643624145263582
0,3.6,0.0820515562637425,0.605383433995103
0,3.9,0.0751686111678571,0.57083326090969
0,2.9,0.0703736268441278,0.539468813088293
0,2.9,0.0658755448311539,0.511073825009261
0,1.7,0.0633160246256912,0.485281761907455
0.22,1.6,0.0612876969338842,0.461863107420317
0.72,0.3,0.249738699838136,0.445396807513765
0.1,1.1,0.0601525412484584,0.440153730965825
0.05,0.7,0.0591768706867645,0.416642537241303
0,1.3,0.0573823371245097,0.394258886920826
0,2.5,0.0541727094341881,0.378103744933354
0,1.7,0.0520613376821317,0.363198104772836
0,2.3,0.049362151230783,0.349301031702857
0,1.4,0.0477559263184881,0.336307271333718
0.01,2.1,0.0454888359340112,0.32417695688171
0,1.3,0.0441065204466194,0.312791408237896
0.04,1.5,0.0426113134544655,0.302127415043827
0,3.4,0.0393940115920826,0.29206971108337
0,2.8,0.0369126913069817,0.282444753244927
0,1.8,0.035381840055914,0.273325933629831
0.04,1.9,0.0338664373304817,0.264763208993586
0.4,2,0.0326081318813002,0.256679825529615
0,2.1,0.0310369797385735,0.249021892867786
0,1.9,0.0296758269455365,0.241732807823201
12.07,1.8,4.14426229964741,0.322207858871255
1.03,1.4,0.0366652711959151,0.597140723904274
0,2.1,0.0349044164637401,0.473663208153683
0,2.2,0.033149818146896,0.344509055278763
0,2.3,0.0314087190869952,0.326068783916103
0,1.6,0.0302397569930619,0.313983854408002
0,1.4,0.0292478403862381,0.302703575266503
0.9,0.4,0.222834016596637,0.296488149426381
2.32,0.7,0.660424658123439,0.313630618885821
0.01,1.8,0.0293434063624012,0.341248927273693
0,2.2,0.0278608752449441,0.308758734440929
0,1.3,0.0270078861018541,0.28099809533076
0,0.9,0.0264242254656585,0.270947236204573
3.54,0,1.3835261190109,0.291735611376158
3.35,0,1.33263983873703,0.403166392134368
0.4,2.8,0.0291717994890597,0.446574728498977
1.45,1,0.203277012199052,0.365406972052857
0.07,2.3,0.0279328434380507,0.327164292739198
0,2,0.0266426080549282,0.309345229648287
1.29,0.5,0.327170207906041,0.300418293551702
6.04,0.8,2.05747804784944,0.356036943460195
3.91,0.9,1.21548838915404,0.507506830989232
1.01,2.1,0.0317365197468896,0.51660560385999
0,1.8,0.0304153992891078,0.41119700525425
0,1.3,0.0294856898582405,0.359704910146425
0,1.5,0.0284522880593603,0.343704814633459
0,1.6,0.0273909271032283,0.330307422762256
5.12,0.8,1.69954522280619,0.356433188660046
5.26,0.8,1.79047556824869,0.505466970707072
0,1.4,0.0321872632279795,0.575936114294188
0,1.7,0.0309188459034396,0.462630945806616
0.18,0.7,0.0305168335775249,0.392731337727267
7.55,0.3,2.92325434177176,0.444614754207343
5.26,0,2.18574919016025,0.707025053180061
0.05,1,0.0388601165705883,0.7802322957771
0,0.2,0.0386313892671962,0.608717970716856
0,1.4,0.0373698700176145,0.514438866886658
0.01,0,0.0413817925322059,0.484466813410999
0,0,0.0372794734931732,0.460212367310163
0,0,0.0372305305920921,0.437804465059969
0,6.2,0.0322692077405112,0.417233183609072
0,1.2,0.0313557846420183,0.398114407128909
0,1.3,0.0303978408894719,0.380591424380726
0,0.7,0.029878697531041,0.364525009587669
0,1.6,0.0287654019652059,0.349679047562004
0,0.6,0.0283396279177792,0.335884026559923
0,1.2,0.0275358320653437,0.323073305990928
0,1.1,0.0268164543886607,0.311123674085536
0,1.2,0.0260551584994569,0.299947942243597
0,1,0.0254328554222146,0.289480376224387
0,0.3,0.0252319945472273,0.279674076836226
0.05,0.6,0.0248879135081531,0.270493227051186
2.22,1,0.483424626178612,0.271760651900583
7.02,0.8,2.41681604544773,0.345966217754156
